<?xml version="1.0" encoding="UTF-8"?>
<project-private xmlns="http://www.netbeans.org/ns/project-private/1">
    <editor-bookmarks xmlns="http://www.netbeans.org/ns/editor-bookmarks/2" lastBookmarkId="0"/>
    <open-files xmlns="http://www.netbeans.org/ns/projectui-open-files/2">
        <group>
            <file>file:/C:/Users/Silas%20Kamphuis/Documents/GitHub/EmbeddedConectivity/EMBC_A1.2_a.X/servocontrol.c</file>
            <file>file:/C:/Users/Silas%20Kamphuis/Documents/GitHub/EmbeddedConectivity/EMBC_A1.2_a.X/lib/inc/servo.h</file>
            <file>file:/C:/Users/Silas%20Kamphuis/Documents/GitHub/EmbeddedConectivity/EMBC_A1.2_a.X/lib/src/button.c</file>
            <file>file:/C:/Users/Silas%20Kamphuis/Documents/GitHub/EmbeddedConectivity/EMBC_A1.2_a.X/lib/src/spiflash.c</file>
            <file>file:/C:/Users/Silas%20Kamphuis/Documents/GitHub/EmbeddedConectivity/EMBC_A1.2_a.X/lib/inc/spiflash.h</file>
            <file>file:/C:/Program%20Files/Microchip/xc32/v3.01/pic32mx/lib/crt0.S</file>
            <file>file:/C:/Users/Silas%20Kamphuis/Documents/GitHub/EmbeddedConectivity/EMBC_A1.2_a.X/lib/src/servo.c</file>
            <file>file:/C:/Users/Silas%20Kamphuis/Documents/GitHub/EmbeddedConectivity/EMBC_A1.2_a.X/lib/inc/servocontrol.c</file>
        </group>
    </open-files>
</project-private>
